{
    "0": {
        "max_as_path_length": 2.0973395182424813e-05,
        "av_as_path_length": 1.9154384223279037e-05,
        "av_number_of_bits_in_prefix_ipv4": 2.0712435052977334e-05,
        "max_number_of_bits_in_prefix_ipv4": 2.679943001808863e-06,
        "max_unique_as_path_length": 1.9634419851776706e-05,
        "av_unique_as_path_length": 2.0441713972151514e-05,
        "var_as_degree_in_paths": 0.0007940888993812201,
        "av_as_degree_in_paths": 2.4311578127853023e-05,
        "av_number_of_edges_not_in_as_graph": 1.934033085928288e-05,
        "av_number_of_P2P_edges": 2.0383762595043958e-05,
        "av_number_of_C2P_edges": 2.0630463063237092e-05,
        "av_number_of_P2C_edges": 2.0150635915537244e-05,
        "av_number_of_S2S_edges": 2.2380514802930735e-05,
        "av_number_of_non_vf_paths": 1.7412731796816265e-05,
        "avg_geo_dist_same_bitlen": 1.5225382898819827e-05,
        "avg_geo_dist_diff_bitlen": 7.288736890952726e-06,
        "n_announcements": 2.1991601273224095e-05
    },
    "1": {
        "max_as_path_length": 1.8168355457003088e-07,
        "av_as_path_length": 2.335328915032561e-07,
        "av_number_of_bits_in_prefix_ipv4": 2.639279708250599e-07,
        "max_number_of_bits_in_prefix_ipv4": 1.2638405174277603e-08,
        "max_unique_as_path_length": 3.985218051041387e-07,
        "av_unique_as_path_length": 4.0716777423319467e-07,
        "var_as_degree_in_paths": 0.00015218827164255512,
        "av_as_degree_in_paths": 5.713853496298005e-07,
        "av_number_of_edges_not_in_as_graph": 3.2288091103584496e-07,
        "av_number_of_P2P_edges": 1.1799255104355892e-07,
        "av_number_of_C2P_edges": 2.47297518158912e-07,
        "av_number_of_P2C_edges": 3.241701532680348e-07,
        "av_number_of_S2S_edges": 3.3894283683873727e-07,
        "av_number_of_non_vf_paths": 1.4373808780340234e-07,
        "avg_geo_dist_same_bitlen": 1.5276500921568798e-06,
        "avg_geo_dist_diff_bitlen": 3.63290724776326e-07,
        "n_announcements": 6.777691746223753e-07
    },
    "2": {
        "max_as_path_length": 1.4879561151584529e-05,
        "av_as_path_length": 1.3662813602476624e-05,
        "av_number_of_bits_in_prefix_ipv4": 1.476740954121719e-05,
        "max_number_of_bits_in_prefix_ipv4": 1.8664163437630557e-06,
        "max_unique_as_path_length": 1.3337880470259879e-05,
        "av_unique_as_path_length": 1.481914547306573e-05,
        "var_as_degree_in_paths": 0.0006372894595835554,
        "av_as_degree_in_paths": 1.8179684153770047e-05,
        "av_number_of_edges_not_in_as_graph": 1.399992246170593e-05,
        "av_number_of_P2P_edges": 1.4435023541181657e-05,
        "av_number_of_C2P_edges": 1.451189903304554e-05,
        "av_number_of_P2C_edges": 1.43108083265274e-05,
        "av_number_of_S2S_edges": 1.5836069689943546e-05,
        "av_number_of_non_vf_paths": 1.195959603889126e-05,
        "avg_geo_dist_same_bitlen": 1.1078703864137744e-05,
        "avg_geo_dist_diff_bitlen": 6.507031309040415e-06,
        "n_announcements": 1.532244292376845e-05
    }
}