{
    "0": {
        "max_as_path_length": 0.0055698198186997895,
        "av_as_path_length": 0.005332477622246527,
        "av_number_of_bits_in_prefix_ipv4": 0.005432467069572651,
        "max_number_of_bits_in_prefix_ipv4": 0.0072689606092311895,
        "max_unique_as_path_length": 0.005237863350168846,
        "av_unique_as_path_length": 0.0054042838733152744,
        "var_as_degree_in_paths": 0.006739113627150026,
        "av_as_degree_in_paths": 0.007046661353114051,
        "av_number_of_edges_not_in_as_graph": 0.005416417091858731,
        "av_number_of_P2P_edges": 0.005492475772734656,
        "av_number_of_C2P_edges": 0.005432654386715923,
        "av_number_of_P2C_edges": 0.007035053201366963,
        "av_number_of_S2S_edges": 0.006424723101342313,
        "av_number_of_non_vf_paths": 0.005258829996073638,
        "avg_geo_dist_same_bitlen": 0.006573751290980835,
        "avg_geo_dist_diff_bitlen": 0.0055657561425016015,
        "n_announcements": 0.009415402877141285
    },
    "1": {
        "max_as_path_length": 0.004784809816193911,
        "av_as_path_length": 0.0024363824263943187,
        "av_number_of_bits_in_prefix_ipv4": 0.0021511550826399436,
        "max_number_of_bits_in_prefix_ipv4": 0.0033759596572519343,
        "max_unique_as_path_length": 0.0022627443776747163,
        "av_unique_as_path_length": 0.0025142630974403705,
        "var_as_degree_in_paths": 0.00390328650676392,
        "av_as_degree_in_paths": 0.005594749646612227,
        "av_number_of_edges_not_in_as_graph": 0.0020604987468357595,
        "av_number_of_P2P_edges": 0.0022253283748233073,
        "av_number_of_C2P_edges": 0.0021680838766019415,
        "av_number_of_P2C_edges": 0.004655889708589454,
        "av_number_of_S2S_edges": 0.0034502269381599202,
        "av_number_of_non_vf_paths": 0.0019782099692610927,
        "avg_geo_dist_same_bitlen": 0.002291767970850694,
        "avg_geo_dist_diff_bitlen": 0.012362879226676803,
        "n_announcements": 6.777691746223753e-07
    },
    "2": {
        "max_as_path_length": 0.006320661348544726,
        "av_as_path_length":  0.005350380188727325,
        "av_number_of_bits_in_prefix_ipv4": 0.004916532758063596,
        "max_number_of_bits_in_prefix_ipv4": 0.010291829886755526,
        "max_unique_as_path_length": 0.005157579907842689,
        "av_unique_as_path_length": 0.005285170513203734,
        "var_as_degree_in_paths": 0.005398927974848128,
        "av_as_degree_in_paths": 0.005872182395989449,
        "av_number_of_edges_not_in_as_graph": 0.005557151789877918,
        "av_number_of_P2P_edges": 0.0054174325144313125,
        "av_number_of_C2P_edges": 0.005333786154987104,
        "av_number_of_P2C_edges": 0.005948742696268201,
        "av_number_of_S2S_edges": 0.005393128083177982,
        "av_number_of_non_vf_paths": 0.005392882334189065,
        "avg_geo_dist_same_bitlen": 0.00618929824140149,
        "avg_geo_dist_diff_bitlen": 0.005445970662266064,
        "n_announcements": 0.007606639626427849
    }
}