{
  "0": {
    "max_as_path_length": 1.715159772274778,
    "av_as_path_length": 1.2038349232128642,
    "av_number_of_bits_in_prefix_ipv4": 1.4192500066907934,
    "max_number_of_bits_in_prefix_ipv4": 5.3757516149246225,
    "max_unique_as_path_length": 1.0,
    "av_unique_as_path_length": 1.3585327436514616,
    "var_as_degree_in_paths": 4.234260838370222,
    "av_as_degree_in_paths": 4.896834948275104,
    "av_number_of_edges_not_in_as_graph": 1.384672284925952,
    "av_number_of_P2P_edges": 1.548531447350063,
    "av_number_of_C2P_edges": 1.4196535586568626,
    "av_number_of_P2C_edges": 4.871826599449377,
    "av_number_of_S2S_edges": 3.5569447497969007,
    "av_number_of_non_vf_paths": 1.0451700844300293,
    "avg_geo_dist_same_bitlen": 3.8780078296521223,
    "avg_geo_dist_diff_bitlen": 1.7064050769457315,
    "n_announcements": 10.0
  },
  "1": {
    "max_as_path_length": 4.482970939374534,
    "av_as_path_length": 2.7732555152362433,
    "av_number_of_bits_in_prefix_ipv4": 2.565602687168834,
    "max_number_of_bits_in_prefix_ipv4": 3.4572918583413603,
    "max_unique_as_path_length": 2.6468425584624278,
    "av_unique_as_path_length": 2.8299546429623246,
    "var_as_degree_in_paths": 3.841199341318652,
    "av_as_degree_in_paths": 5.072627927154905,
    "av_number_of_edges_not_in_as_graph": 2.4996025475462496,
    "av_number_of_P2P_edges": 2.619602747914095,
    "av_number_of_C2P_edges": 2.5779272837369898,
    "av_number_of_P2C_edges": 4.3891137916465315,
    "av_number_of_S2S_edges": 3.5113603452908464,
    "av_number_of_non_vf_paths": 2.4396942051108046,
    "avg_geo_dist_same_bitlen": 2.6679724793330566,
    "avg_geo_dist_diff_bitlen": 10.0,
    "n_announcements": 1.0
  },
  "2": {
    "max_as_path_length": 3.3509690742259313,
    "av_as_path_length": 1.7264020541546778,
    "av_number_of_bits_in_prefix_ipv4": 1.0,
    "max_number_of_bits_in_prefix_ipv4": 10.0,
    "max_unique_as_path_length": 1.4035915217471455,
    "av_unique_as_path_length": 1.6172197958233825,
    "var_as_degree_in_paths": 1.8076868770447487,
    "av_as_degree_in_paths": 2.600069081841747,
    "av_number_of_edges_not_in_as_graph": 2.07260513201285,
    "av_number_of_P2P_edges": 1.8386695096809444,
    "av_number_of_C2P_edges": 1.6986182312168139,
    "av_number_of_P2C_edges": 2.7282559868652556,
    "av_number_of_S2S_edges": 1.7979759673440205,
    "av_number_of_non_vf_paths": 1.7975645034105296,
    "avg_geo_dist_same_bitlen": 3.131024402148459,
    "avg_geo_dist_diff_bitlen": 1.8864516739713237,
    "n_announcements": 5.504116002452497
  }
}
