{
    "0": {
        "SFRC_variance": {
            "max_as_path_length": 0.9982812875807959,
            "av_as_path_length": 0.9984165482763304,
            "av_number_of_bits_in_prefix_ipv4": 0.997939404512834,
            "max_number_of_bits_in_prefix_ipv4": 0.9996723670856644,
            "max_unique_as_path_length": 0.9980485655954224,
            "av_unique_as_path_length": 0.9982383461483351,
            "var_as_degree_in_paths": 0.03950788022086349,
            "av_as_degree_in_paths": 0.9948211937085152,
            "av_number_of_edges_not_in_as_graph": 0.9983945562416563,
            "av_number_of_P2P_edges": 0.9985273373099539,
            "av_number_of_C2P_edges": 0.9981318612509987,
            "av_number_of_P2C_edges": 0.9978142246801524,
            "av_number_of_S2S_edges": 0.9977455430677332,
            "av_number_of_non_vf_paths": 0.9986831779656025,
            "avg_geo_dist_same_bitlen": 0.9973349685244397,
            "avg_geo_dist_diff_bitlen": 0.9912216285776329,
            "n_announcements": 0.9972211092530695
        },
        "SFRC_mean_abs": {
            "max_as_path_length": 0.9817443548866271,
            "av_as_path_length": 0.9825151091826334,
            "av_number_of_bits_in_prefix_ipv4": 0.9804909096799899,
            "max_number_of_bits_in_prefix_ipv4": 0.9969769158262767,
            "max_unique_as_path_length": 0.9823935198770047,
            "av_unique_as_path_length": 0.9829107537667192,
            "var_as_degree_in_paths": 0.2592157186383247,
            "av_as_degree_in_paths": 0.9776447694210019,
            "av_number_of_edges_not_in_as_graph": 0.9837653065986209,
            "av_number_of_P2P_edges": 0.9834195675954623,
            "av_number_of_C2P_edges": 0.980881763363291,
            "av_number_of_P2C_edges": 0.9808328722895128,
            "av_number_of_S2S_edges": 0.9811338789483398,
            "av_number_of_non_vf_paths": 0.9862307291243421,
            "avg_geo_dist_same_bitlen": 0.986807525776198,
            "avg_geo_dist_diff_bitlen": 0.993871233372136,
            "n_announcements": 0.9791650716535193
        }
    },
    "1": {
        "SFRC_variance": {
            "max_as_path_length": 0.9998755669915069,
            "av_as_path_length": 0.9998970125421228,
            "av_number_of_bits_in_prefix_ipv4": 0.9997927588743077,
            "max_number_of_bits_in_prefix_ipv4": 0.9999408699111,
            "max_unique_as_path_length": 0.9998705403296412,
            "av_unique_as_path_length": 0.999927511071541,
            "var_as_degree_in_paths": 0.005291974628064078,
            "av_as_degree_in_paths": 0.9992215613474997,
            "av_number_of_edges_not_in_as_graph": 0.9998863209487477,
            "av_number_of_P2P_edges": 0.9999454965527528,
            "av_number_of_C2P_edges": 0.9998999378438514,
            "av_number_of_P2C_edges": 0.9998627452353589,
            "av_number_of_S2S_edges": 0.9999175892179383,
            "av_number_of_non_vf_paths": 0.9999737787696895,
            "avg_geo_dist_same_bitlen": 0.9977102450031513,
            "avg_geo_dist_diff_bitlen": 0.9994108759769856,
            "n_announcements": 0.9995752147557411
        },
        "SFRC_mean_abs": {
            "max_as_path_length": 0.9984791279452645,
            "av_as_path_length": 0.9984034454652583,
            "av_number_of_bits_in_prefix_ipv4": 0.9975960680912175,
            "max_number_of_bits_in_prefix_ipv4": 0.9995226747274127,
            "max_unique_as_path_length": 0.9983504245515314,
            "av_unique_as_path_length": 0.9989832589050538,
            "var_as_degree_in_paths": 0.033341699873150166,
            "av_as_degree_in_paths": 0.9968183197998234,
            "av_number_of_edges_not_in_as_graph": 0.9984274488756093,
            "av_number_of_P2P_edges": 0.9990979459864617,
            "av_number_of_C2P_edges": 0.9984741364155127,
            "av_number_of_P2C_edges": 0.998189811681868,
            "av_number_of_S2S_edges": 0.9986159436318047,
            "av_number_of_non_vf_paths": 0.9994742401129202,
            "avg_geo_dist_same_bitlen": 0.9912667576360293,
            "avg_geo_dist_diff_bitlen": 0.9980736762574635,
            "n_announcements": 0.9968850200436189
        }
    },
    "2": {
        "SFRC_variance": {
            "max_as_path_length": 0.9983538985343798,
            "av_as_path_length": 0.9985012470584461,
            "av_number_of_bits_in_prefix_ipv4": 0.9980113882124354,
            "max_number_of_bits_in_prefix_ipv4": 0.9996906482798373,
            "max_unique_as_path_length": 0.9980331194280718,
            "av_unique_as_path_length": 0.9982761791338652,
            "var_as_degree_in_paths": 0.043316689458168356,
            "av_as_degree_in_paths": 0.9942325088662648,
            "av_number_of_edges_not_in_as_graph": 0.9984690885610585,
            "av_number_of_P2P_edges": 0.9986543092113626,
            "av_number_of_C2P_edges": 0.9981612353060832,
            "av_number_of_P2C_edges": 0.9977759950650915,
            "av_number_of_S2S_edges": 0.9978123279600382,
            "av_number_of_non_vf_paths": 0.998708406788062,
            "avg_geo_dist_same_bitlen": 0.9974005007769505,
            "avg_geo_dist_diff_bitlen": 0.9874428367907898,
            "n_announcements": 0.9971596205690945
        },
        "SFRC_mean_abs": {
            "max_as_path_length": 0.9834435809375899,
            "av_as_path_length": 0.98417924219616,
            "av_number_of_bits_in_prefix_ipv4": 0.9827178851954239,
            "max_number_of_bits_in_prefix_ipv4": 0.9970328397720328,
            "max_unique_as_path_length": 0.9833704312918876,
            "av_unique_as_path_length": 0.9845544668111674,
            "var_as_degree_in_paths": 0.23872603117086333,
            "av_as_degree_in_paths": 0.9798450046600806,
            "av_number_of_edges_not_in_as_graph": 0.9853816467996032,
            "av_number_of_P2P_edges": 0.985488593322684,
            "av_number_of_C2P_edges": 0.982680970223576,
            "av_number_of_P2C_edges": 0.9817710359748909,
            "av_number_of_S2S_edges": 0.9826448255016789,
            "av_number_of_non_vf_paths": 0.9874526977569955,
            "avg_geo_dist_same_bitlen": 0.9874831788055162,
            "avg_geo_dist_diff_bitlen": 0.993155247199567,
            "n_announcements": 0.9800723223802825
        }
    }
}