{
  "0": {
    "max_as_path_length": 0.02676959259361438,
    "av_as_path_length": 0.023373510355072038,
    "av_number_of_bits_in_prefix_ipv4": 0.024065977205559818,
    "max_number_of_bits_in_prefix_ipv4": 0.03150635764134882,
    "max_unique_as_path_length": 0.019315753556975433,
    "av_unique_as_path_length": 0.022859922172050417,
    "var_as_degree_in_paths": 0.4096775378642474,
    "av_as_degree_in_paths": 0.06090480241348592,
    "av_number_of_edges_not_in_as_graph": 0.022406881584435996,
    "av_number_of_P2P_edges": 0.02287989129382492,
    "av_number_of_C2P_edges": 0.024012425628189817,
    "av_number_of_P2C_edges": 0.022779193781088985,
    "av_number_of_S2S_edges": 0.023886389542939448,
    "av_number_of_non_vf_paths": 0.009042660699934929,
    "avg_geo_dist_same_bitlen": 0.09144955441934012,
    "avg_geo_dist_diff_bitlen": 0.07681999422513874,
    "n_announcements": 0.08824955502275274
  },
  "1": {
    "max_as_path_length": 0.00926869063599779,
    "av_as_path_length": 0.009105112000266083,
    "av_number_of_bits_in_prefix_ipv4": 0.012991657440533213,
    "max_number_of_bits_in_prefix_ipv4": 0.013436168448860343,
    "max_unique_as_path_length": 0.00799002782003325,
    "av_unique_as_path_length": 0.009778622069375263,
    "var_as_degree_in_paths": 0.49765128129217756,
    "av_as_degree_in_paths": 0.05241098518000735,
    "av_number_of_edges_not_in_as_graph": 0.0076398743688352744,
    "av_number_of_P2P_edges": 0.00804140755588343,
    "av_number_of_C2P_edges": 0.012202359667272625,
    "av_number_of_P2C_edges": 0.01108216661870164,
    "av_number_of_S2S_edges": 0.00968339744885963,
    "av_number_of_non_vf_paths": 0.0030024521099585146,
    "avg_geo_dist_same_bitlen": 0.15493978104634068,
    "avg_geo_dist_diff_bitlen": 0.11066142905461403,
    "n_announcements": 0.07011458724228346
  },
  "2": {
    "max_as_path_length": 0.026737856307540508,
    "av_as_path_length": 0.021603054584784353,
    "av_number_of_bits_in_prefix_ipv4": 0.02091494214952593,
    "max_number_of_bits_in_prefix_ipv4": 0.03062726249449284,
    "max_unique_as_path_length": 0.015833462398505554,
    "av_unique_as_path_length": 0.018898970372192153,
    "var_as_degree_in_paths": 0.4411879160297181,
    "av_as_degree_in_paths": 0.06227120289783694,
    "av_number_of_edges_not_in_as_graph": 0.01848127897014655,
    "av_number_of_P2P_edges": 0.019457208684401622,
    "av_number_of_C2P_edges": 0.021966109994189607,
    "av_number_of_P2C_edges": 0.020113282843368524,
    "av_number_of_S2S_edges": 0.021264323582684673,
    "av_number_of_non_vf_paths": 0.008242565445219063,
    "avg_geo_dist_same_bitlen": 0.08268830580977699,
    "avg_geo_dist_diff_bitlen": 0.07567014571723936,
    "n_announcements": 0.09404211171837717
  }
}
