{
  "max_as_path_length": 0.05503992568368355,
  "av_as_path_length": 0.05167437147884173,
  "av_number_of_bits_in_prefix_ipv4": 0.053362315152490576,
  "max_number_of_bits_in_prefix_ipv4": 0.062376171105895654,
  "max_unique_as_path_length": 0.055386628583731085,
  "av_unique_as_path_length": 0.060833049017468874,
  "var_as_degree_in_paths": 0.12713825652447497,
  "av_as_degree_in_paths": 0.07791771350657233,
  "av_number_of_edges_not_in_as_graph": 0.05578779609336019,
  "av_number_of_P2P_edges": 0.057597766792733235,
  "av_number_of_C2P_edges": 0.046628673191744095,
  "av_number_of_P2C_edges": 0.047930165699812004,
  "av_number_of_S2S_edges": 0.052840101128583145,
  "av_number_of_non_vf_paths": 0.02014545770371188,
  "avg_geo_dist_same_bitlen": 0.03638986956791406,
  "avg_geo_dist_diff_bitlen": 0.042302671113855536,
  "n_announcements": 0.09664906765512705
}
